[
{
  "model": "djcloudbridge.cloud",
  "pk": "aws",
  "fields": {
    "polymorphic_ctype": 18,
    "name": "Amazon Web Services",
    "access_instructions_url": "https://aws-portal.amazon.com/gp/aws/developer/account/index.html?action=access-key"
  }
},
{
  "model": "djcloudbridge.cloud",
  "pk": "azure",
  "fields": {
    "polymorphic_ctype": 20,
    "name": "Microsoft Azure",
    "access_instructions_url": null
  }
},
{
  "model": "djcloudbridge.cloud",
  "pk": "bwcloud",
  "fields": {
    "polymorphic_ctype": 25,
    "name": "de.NBI Cloud",
    "access_instructions_url": ""
  }
},
{
  "model": "djcloudbridge.cloud",
  "pk": "chameleon",
  "fields": {
    "polymorphic_ctype": 25,
    "name": "Chameleon",
    "access_instructions_url": null
  }
},
{
  "model": "djcloudbridge.cloud",
  "pk": "cpouta-fn",
  "fields": {
    "polymorphic_ctype": 25,
    "name": "cPouta (FN)",
    "access_instructions_url": null
  }
},
{
  "model": "djcloudbridge.cloud",
  "pk": "gcp",
  "fields": {
    "polymorphic_ctype": 23,
    "name": "Google Cloud Platform",
    "access_instructions_url": "http://cloudbridge.cloudve.org/en/latest/topics/procuring_credentials.html#google-compute-engine-gce"
  }
},
{
  "model": "djcloudbridge.cloud",
  "pk": "jetstream",
  "fields": {
    "polymorphic_ctype": 25,
    "name": "Jetstream",
    "access_instructions_url": "https://galaxyproject.org/cloud/jetstream/allocation/#api-access"
  }
},
{
  "model": "djcloudbridge.cloud",
  "pk": "nectar",
  "fields": {
    "polymorphic_ctype": 25,
    "name": "NeCTAR",
    "access_instructions_url": "https://www.melbournebioinformatics.org.au/tutorials/tutorials/gvl_launch/gvl_launch/"
  }
},
{
  "model": "djcloudbridge.region",
  "pk": 1,
  "fields": {
    "polymorphic_ctype": 19,
    "cloud": "aws",
    "name": "ap-south-1",
    "region_id": "ap-south-1"
  }
},
{
  "model": "djcloudbridge.region",
  "pk": 2,
  "fields": {
    "polymorphic_ctype": 19,
    "cloud": "aws",
    "name": "ap-northeast-2",
    "region_id": "ap-northeast-2"
  }
},
{
  "model": "djcloudbridge.region",
  "pk": 3,
  "fields": {
    "polymorphic_ctype": 19,
    "cloud": "aws",
    "name": "ap-southeast-1",
    "region_id": "ap-southeast-1"
  }
},
{
  "model": "djcloudbridge.region",
  "pk": 4,
  "fields": {
    "polymorphic_ctype": 19,
    "cloud": "aws",
    "name": "ap-southeast-2",
    "region_id": "ap-southeast-2"
  }
},
{
  "model": "djcloudbridge.region",
  "pk": 5,
  "fields": {
    "polymorphic_ctype": 19,
    "cloud": "aws",
    "name": "ap-northeast-1",
    "region_id": "ap-northeast-1"
  }
},
{
  "model": "djcloudbridge.region",
  "pk": 6,
  "fields": {
    "polymorphic_ctype": 19,
    "cloud": "aws",
    "name": "ca-central-1",
    "region_id": "ca-central-1"
  }
},
{
  "model": "djcloudbridge.region",
  "pk": 7,
  "fields": {
    "polymorphic_ctype": 19,
    "cloud": "aws",
    "name": "eu-central-1",
    "region_id": "eu-central-1"
  }
},
{
  "model": "djcloudbridge.region",
  "pk": 8,
  "fields": {
    "polymorphic_ctype": 19,
    "cloud": "aws",
    "name": "eu-west-1",
    "region_id": "eu-west-1"
  }
},
{
  "model": "djcloudbridge.region",
  "pk": 9,
  "fields": {
    "polymorphic_ctype": 19,
    "cloud": "aws",
    "name": "eu-west-2",
    "region_id": "eu-west-2"
  }
},
{
  "model": "djcloudbridge.region",
  "pk": 10,
  "fields": {
    "polymorphic_ctype": 19,
    "cloud": "aws",
    "name": "sa-east-1",
    "region_id": "sa-east-1"
  }
},
{
  "model": "djcloudbridge.region",
  "pk": 11,
  "fields": {
    "polymorphic_ctype": 19,
    "cloud": "aws",
    "name": "us-east-1",
    "region_id": "us-east-1"
  }
},
{
  "model": "djcloudbridge.region",
  "pk": 12,
  "fields": {
    "polymorphic_ctype": 19,
    "cloud": "aws",
    "name": "us-east-2",
    "region_id": "us-east-2"
  }
},
{
  "model": "djcloudbridge.region",
  "pk": 13,
  "fields": {
    "polymorphic_ctype": 19,
    "cloud": "aws",
    "name": "us-west-1",
    "region_id": "us-west-1"
  }
},
{
  "model": "djcloudbridge.region",
  "pk": 14,
  "fields": {
    "polymorphic_ctype": 19,
    "cloud": "aws",
    "name": "us-west-2",
    "region_id": "us-west-2"
  }
},
{
  "model": "djcloudbridge.region",
  "pk": 15,
  "fields": {
    "polymorphic_ctype": 26,
    "cloud": "chameleon",
    "name": "RegionOne",
    "region_id": "regionone"
  }
},
{
  "model": "djcloudbridge.region",
  "pk": 16,
  "fields": {
    "polymorphic_ctype": 24,
    "cloud": "gcp",
    "name": "us-east1",
    "region_id": "us-east1"
  }
},
{
  "model": "djcloudbridge.region",
  "pk": 17,
  "fields": {
    "polymorphic_ctype": 26,
    "cloud": "jetstream",
    "name": "RegionOne",
    "region_id": "regionone"
  }
},
{
  "model": "djcloudbridge.region",
  "pk": 18,
  "fields": {
    "polymorphic_ctype": 21,
    "cloud": "azure",
    "name": "eastus",
    "region_id": "eastus"
  }
},
{
  "model": "djcloudbridge.region",
  "pk": 19,
  "fields": {
    "polymorphic_ctype": 21,
    "cloud": "azure",
    "name": "centralus",
    "region_id": "centralus"
  }
},
{
  "model": "djcloudbridge.region",
  "pk": 20,
  "fields": {
    "polymorphic_ctype": 21,
    "cloud": "azure",
    "name": "canadacentral",
    "region_id": "canadacentral"
  }
},
{
  "model": "djcloudbridge.region",
  "pk": 21,
  "fields": {
    "polymorphic_ctype": 21,
    "cloud": "azure",
    "name": "westus",
    "region_id": "westus"
  }
},
{
  "model": "djcloudbridge.region",
  "pk": 22,
  "fields": {
    "polymorphic_ctype": 26,
    "cloud": "nectar",
    "name": "Melbourne",
    "region_id": "melbourne"
  }
},
{
  "model": "djcloudbridge.region",
  "pk": 23,
  "fields": {
    "polymorphic_ctype": 26,
    "cloud": "cpouta-fn",
    "name": "regionOne",
    "region_id": "regionone"
  }
},
{
  "model": "djcloudbridge.region",
  "pk": 24,
  "fields": {
    "polymorphic_ctype": 26,
    "cloud": "bwcloud",
    "name": "Freiburg",
    "region_id": "freiburg"
  }
},
{
  "model": "djcloudbridge.zone",
  "pk": 1,
  "fields": {
    "zone_id": "default",
    "region": 1,
    "name": null
  }
},
{
  "model": "djcloudbridge.zone",
  "pk": 2,
  "fields": {
    "zone_id": "default",
    "region": 2,
    "name": null
  }
},
{
  "model": "djcloudbridge.zone",
  "pk": 3,
  "fields": {
    "zone_id": "default",
    "region": 3,
    "name": null
  }
},
{
  "model": "djcloudbridge.zone",
  "pk": 4,
  "fields": {
    "zone_id": "default",
    "region": 4,
    "name": null
  }
},
{
  "model": "djcloudbridge.zone",
  "pk": 5,
  "fields": {
    "zone_id": "default",
    "region": 5,
    "name": null
  }
},
{
  "model": "djcloudbridge.zone",
  "pk": 6,
  "fields": {
    "zone_id": "default",
    "region": 6,
    "name": null
  }
},
{
  "model": "djcloudbridge.zone",
  "pk": 7,
  "fields": {
    "zone_id": "default",
    "region": 7,
    "name": null
  }
},
{
  "model": "djcloudbridge.zone",
  "pk": 8,
  "fields": {
    "zone_id": "default",
    "region": 8,
    "name": null
  }
},
{
  "model": "djcloudbridge.zone",
  "pk": 9,
  "fields": {
    "zone_id": "default",
    "region": 9,
    "name": null
  }
},
{
  "model": "djcloudbridge.zone",
  "pk": 10,
  "fields": {
    "zone_id": "default",
    "region": 10,
    "name": null
  }
},
{
  "model": "djcloudbridge.zone",
  "pk": 11,
  "fields": {
    "zone_id": "default",
    "region": 11,
    "name": null
  }
},
{
  "model": "djcloudbridge.zone",
  "pk": 12,
  "fields": {
    "zone_id": "default",
    "region": 12,
    "name": null
  }
},
{
  "model": "djcloudbridge.zone",
  "pk": 13,
  "fields": {
    "zone_id": "default",
    "region": 13,
    "name": null
  }
},
{
  "model": "djcloudbridge.zone",
  "pk": 14,
  "fields": {
    "zone_id": "default",
    "region": 14,
    "name": null
  }
},
{
  "model": "djcloudbridge.zone",
  "pk": 15,
  "fields": {
    "zone_id": "default",
    "region": 15,
    "name": null
  }
},
{
  "model": "djcloudbridge.zone",
  "pk": 16,
  "fields": {
    "zone_id": "default",
    "region": 16,
    "name": null
  }
},
{
  "model": "djcloudbridge.zone",
  "pk": 17,
  "fields": {
    "zone_id": "default",
    "region": 17,
    "name": null
  }
},
{
  "model": "djcloudbridge.zone",
  "pk": 18,
  "fields": {
    "zone_id": "default",
    "region": 18,
    "name": null
  }
},
{
  "model": "djcloudbridge.zone",
  "pk": 19,
  "fields": {
    "zone_id": "default",
    "region": 19,
    "name": null
  }
},
{
  "model": "djcloudbridge.zone",
  "pk": 20,
  "fields": {
    "zone_id": "default",
    "region": 20,
    "name": null
  }
},
{
  "model": "djcloudbridge.zone",
  "pk": 21,
  "fields": {
    "zone_id": "default",
    "region": 21,
    "name": null
  }
},
{
  "model": "djcloudbridge.zone",
  "pk": 22,
  "fields": {
    "zone_id": "default",
    "region": 22,
    "name": null
  }
},
{
  "model": "djcloudbridge.zone",
  "pk": 23,
  "fields": {
    "zone_id": "default",
    "region": 23,
    "name": null
  }
},
{
  "model": "djcloudbridge.zone",
  "pk": 24,
  "fields": {
    "zone_id": "default",
    "region": 24,
    "name": null
  }
},
{
  "model": "djcloudbridge.awscloud",
  "pk": "aws",
  "fields": {}
},
{
  "model": "djcloudbridge.azurecloud",
  "pk": "azure",
  "fields": {}
},
{
  "model": "djcloudbridge.gcpcloud",
  "pk": "gcp",
  "fields": {}
},
{
  "model": "djcloudbridge.openstackcloud",
  "pk": "chameleon",
  "fields": {
    "auth_url": "https://openstack.tacc.chameleoncloud.org:5000/v2.0",
    "identity_api_version": null
  }
},
{
  "model": "djcloudbridge.openstackcloud",
  "pk": "jetstream",
  "fields": {
    "auth_url": "https://jblb.jetstream-cloud.org:35357/v3",
    "identity_api_version": "v3.0"
  }
},
{
  "model": "djcloudbridge.openstackcloud",
  "pk": "nectar",
  "fields": {
    "auth_url": "https://keystone.rc.nectar.org.au:5000/v3/",
    "identity_api_version": "v3.0"
  }
},
{
  "model": "djcloudbridge.openstackcloud",
  "pk": "cpouta-fn",
  "fields": {
    "auth_url": "https://pouta.csc.fi:5001/v3",
    "identity_api_version": "v3.0"
  }
},
{
  "model": "djcloudbridge.openstackcloud",
  "pk": "bwcloud",
  "fields": {
    "auth_url": "https://bwcloud.ruf.uni-freiburg.de:5000/v2.0",
    "identity_api_version": "v2.0"
  }
},
{
  "model": "djcloudbridge.awsregion",
  "pk": 5,
  "fields": {
    "ec2_endpoint_url": "https://ec2.ap-northeast-1.amazonaws.com",
    "ec2_is_secure": true,
    "ec2_validate_certs": true,
    "s3_endpoint_url": "https://s3.ap-northeast-1.amazonaws.com",
    "s3_is_secure": true,
    "s3_validate_certs": true
  }
},
{
  "model": "djcloudbridge.awsregion",
  "pk": 2,
  "fields": {
    "ec2_endpoint_url": "https://ec2.ap-northeast-2.amazonaws.com",
    "ec2_is_secure": true,
    "ec2_validate_certs": true,
    "s3_endpoint_url": "https://s3.ap-northeast-2.amazonaws.com",
    "s3_is_secure": true,
    "s3_validate_certs": true
  }
},
{
  "model": "djcloudbridge.awsregion",
  "pk": 1,
  "fields": {
    "ec2_endpoint_url": "https://ec2.ap-south-1.amazonaws.com",
    "ec2_is_secure": true,
    "ec2_validate_certs": true,
    "s3_endpoint_url": "https://s3.ap-south-1.amazonaws.com",
    "s3_is_secure": true,
    "s3_validate_certs": true
  }
},
{
  "model": "djcloudbridge.awsregion",
  "pk": 3,
  "fields": {
    "ec2_endpoint_url": "https://ec2.ap-southeast-1.amazonaws.com",
    "ec2_is_secure": true,
    "ec2_validate_certs": true,
    "s3_endpoint_url": "https://s3.ap-southeast-1.amazonaws.com",
    "s3_is_secure": true,
    "s3_validate_certs": true
  }
},
{
  "model": "djcloudbridge.awsregion",
  "pk": 4,
  "fields": {
    "ec2_endpoint_url": "https://ec2.ap-southeast-2.amazonaws.com",
    "ec2_is_secure": true,
    "ec2_validate_certs": true,
    "s3_endpoint_url": "https://s3.ap-southeast-2.amazonaws.com",
    "s3_is_secure": true,
    "s3_validate_certs": true
  }
},
{
  "model": "djcloudbridge.awsregion",
  "pk": 6,
  "fields": {
    "ec2_endpoint_url": "https://ec2.ca-central-1.amazonaws.com",
    "ec2_is_secure": true,
    "ec2_validate_certs": true,
    "s3_endpoint_url": "https://s3.ca-central-1.amazonaws.com",
    "s3_is_secure": true,
    "s3_validate_certs": true
  }
},
{
  "model": "djcloudbridge.awsregion",
  "pk": 7,
  "fields": {
    "ec2_endpoint_url": "https://ec2.eu-central-1.amazonaws.com",
    "ec2_is_secure": true,
    "ec2_validate_certs": true,
    "s3_endpoint_url": "https://s3.eu-central-1.amazonaws.com",
    "s3_is_secure": true,
    "s3_validate_certs": true
  }
},
{
  "model": "djcloudbridge.awsregion",
  "pk": 8,
  "fields": {
    "ec2_endpoint_url": "https://ec2.eu-west-1.amazonaws.com",
    "ec2_is_secure": true,
    "ec2_validate_certs": true,
    "s3_endpoint_url": "https://s3.eu-west-1.amazonaws.com",
    "s3_is_secure": true,
    "s3_validate_certs": true
  }
},
{
  "model": "djcloudbridge.awsregion",
  "pk": 9,
  "fields": {
    "ec2_endpoint_url": "https://ec2.eu-west-2.amazonaws.com",
    "ec2_is_secure": true,
    "ec2_validate_certs": true,
    "s3_endpoint_url": "https://s3.eu-west-2.amazonaws.com",
    "s3_is_secure": true,
    "s3_validate_certs": true
  }
},
{
  "model": "djcloudbridge.awsregion",
  "pk": 10,
  "fields": {
    "ec2_endpoint_url": "https://ec2.sa-east-1.amazonaws.com",
    "ec2_is_secure": true,
    "ec2_validate_certs": true,
    "s3_endpoint_url": "https://s3.sa-east-1.amazonaws.com",
    "s3_is_secure": true,
    "s3_validate_certs": true
  }
},
{
  "model": "djcloudbridge.awsregion",
  "pk": 11,
  "fields": {
    "ec2_endpoint_url": "https://ec2.us-east-1.amazonaws.com",
    "ec2_is_secure": true,
    "ec2_validate_certs": true,
    "s3_endpoint_url": "https://s3.amazonaws.com",
    "s3_is_secure": true,
    "s3_validate_certs": true
  }
},
{
  "model": "djcloudbridge.awsregion",
  "pk": 12,
  "fields": {
    "ec2_endpoint_url": "https://ec2.us-east-2.amazonaws.com",
    "ec2_is_secure": true,
    "ec2_validate_certs": true,
    "s3_endpoint_url": "https://s3.us-east-2.amazonaws.com",
    "s3_is_secure": true,
    "s3_validate_certs": true
  }
},
{
  "model": "djcloudbridge.awsregion",
  "pk": 13,
  "fields": {
    "ec2_endpoint_url": "https://ec2.us-west-1.amazonaws.com",
    "ec2_is_secure": true,
    "ec2_validate_certs": true,
    "s3_endpoint_url": "https://s3.us-west-1.amazonaws.com",
    "s3_is_secure": true,
    "s3_validate_certs": true
  }
},
{
  "model": "djcloudbridge.awsregion",
  "pk": 14,
  "fields": {
    "ec2_endpoint_url": "https://ec2.us-west-2.amazonaws.com",
    "ec2_is_secure": true,
    "ec2_validate_certs": true,
    "s3_endpoint_url": "https://s3.us-west-2.amazonaws.com",
    "s3_is_secure": true,
    "s3_validate_certs": true
  }
},
{
  "model": "djcloudbridge.azureregion",
  "pk": 19,
  "fields": {}
},
{
  "model": "djcloudbridge.azureregion",
  "pk": 18,
  "fields": {}
},
{
  "model": "djcloudbridge.azureregion",
  "pk": 20,
  "fields": {}
},
{
  "model": "djcloudbridge.azureregion",
  "pk": 21,
  "fields": {}
},
{
  "model": "djcloudbridge.gcpregion",
  "pk": 16,
  "fields": {}
},
{
  "model": "djcloudbridge.openstackregion",
  "pk": 24,
  "fields": {}
},
{
  "model": "djcloudbridge.openstackregion",
  "pk": 22,
  "fields": {}
},
{
  "model": "djcloudbridge.openstackregion",
  "pk": 15,
  "fields": {}
},
{
  "model": "djcloudbridge.openstackregion",
  "pk": 17,
  "fields": {}
},
{
  "model": "djcloudbridge.openstackregion",
  "pk": 23,
  "fields": {}
}
]
